FakeNN JSON Name,M,N,K,m,n,k,JSON Name,tileC,Row Dim,Space Remaining,remainderTiles,tileA,remainderK,remainderN,Reduction Dim,remainderM,tileA_cc,tileB_cc,Weight Matrix Tile Size,m Dim,tileC_cc,tileB,Space Needed in L1
16x16x16w10-16-11,16,16,16,10,16,11,10-16-11,1280,16,107552,M0K,880,6,0,11,4,88,1408,2816,10,128,1408,7136
16x16x16w11-16-8,16,16,16,11,16,8,11-16-8,1408,16,108416,M00,704,0,0,8,6,64,1024,2048,11,128,1024,6272
16x16x16w12-16-13,16,16,16,12,16,13,12-16-13,1536,16,105792,M0K,1248,10,0,13,8,104,1664,3328,12,128,1664,8896
16x16x16w13-16-9,16,16,16,13,16,9,13-16-9,1664,16,107184,M0K,936,2,0,9,10,72,1152,2304,13,128,1152,7504
16x16x16w14-8-15,16,16,16,14,8,15,14-8-15,896,8,107616,M0K,1680,14,0,15,12,120,960,1920,14,64,960,7072
16x16x16w8-8-15,16,16,16,8,8,15,8-8-15,512,8,109824,00K,960,14,0,15,0,120,960,1920,8,64,960,4864
16x16x16w15-8-11,16,16,16,15,8,11,15-8-11,960,8,108720,M0K,1320,6,0,11,14,88,704,1408,15,64,704,5968
16x16x16w16-16-9,16,16,16,16,16,9,16-16-9,2048,16,105984,00K,1152,2,0,9,0,144,1152,2304,16,256,1152,8704
16x16x16w14-16-16,16,16,16,14,16,16,14-16-16,1792,16,103424,M00,1792,0,0,16,12,128,2048,4096,14,128,2048,11264
16x16x16w10-8-9,16,16,16,10,8,9,10-8-9,640,8,110816,M0K,720,2,0,9,4,72,576,1152,10,64,576,3872
16x16x16w9-8-15,16,16,16,9,8,15,9-8-15,576,8,109456,M0K,1080,14,0,15,2,120,960,1920,9,64,960,5232
16x16x16w12-8-11,16,16,16,12,8,11,12-8-11,768,8,109632,M0K,1056,6,0,11,8,88,704,1408,12,64,704,5056
16x16x16w9-16-16,16,16,16,9,16,16,9-16-16,1152,16,105984,M00,1152,0,0,16,2,128,2048,4096,9,128,2048,8704
16x16x16w11-8-9,16,16,16,11,8,9,11-8-9,704,8,110544,M0K,792,2,0,9,6,72,576,1152,11,64,576,4144
16x16x16w13-8-10,16,16,16,13,8,10,13-8-10,832,8,109664,M0K,1040,4,0,10,10,80,640,1280,13,64,640,5024
16x16x16w10-16-13,16,16,16,10,16,13,10-16-13,1280,16,106720,M0K,1040,10,0,13,4,104,1664,3328,10,128,1664,7968
16x16x16w12-16-15,16,16,16,12,16,15,12-16-15,1536,16,104896,M0K,1440,14,0,15,8,120,1920,3840,12,128,1920,9792
16x16x16w13-16-11,16,16,16,13,16,11,13-16-11,1664,16,106256,M0K,1144,6,0,11,10,88,1408,2816,13,128,1408,8432
16x16x16w14-16-9,16,16,16,14,16,9,14-16-9,1792,16,106784,M0K,1008,2,0,9,12,72,1152,2304,14,128,1152,7904
16x16x16w15-8-13,16,16,16,15,8,13,15-8-13,960,8,107984,M0K,1560,10,0,13,14,104,832,1664,15,64,832,6704
16x16x16w16-16-11,16,16,16,16,16,11,16-16-11,2048,16,104960,00K,1408,6,0,11,0,176,1408,2816,16,256,1408,9728
16x16x16w9-8-8,16,16,16,9,8,8,9-8-8,576,8,111360,M00,576,0,0,8,2,64,512,1024,9,64,512,3328
16x16x16w9-16-9,16,16,16,9,16,9,9-16-9,1152,16,108784,M0K,648,2,0,9,2,72,1152,2304,9,128,1152,5904
16x16x16w11-8-11,16,16,16,11,8,11,11-8-11,704,8,109936,M0K,968,6,0,11,6,88,704,1408,11,64,704,4752
16x16x16w12-16-8,16,16,16,12,16,8,12-16-8,1536,16,108032,M00,768,0,0,8,8,64,1024,2048,12,128,1024,6656
16x16x16w13-8-12,16,16,16,13,8,12,13-8-12,832,8,108992,M0K,1248,8,0,12,10,96,768,1536,13,64,768,5696
16x16x16w10-16-15,16,16,16,10,16,15,10-16-15,1280,16,105888,M0K,1200,14,0,15,4,120,1920,3840,10,128,1920,8800
16x16x16w14-8-10,16,16,16,14,8,10,14-8-10,896,8,109376,M0K,1120,4,0,10,12,80,640,1280,14,64,640,5312
16x16x16w8-8-10,16,16,16,8,8,10,8-8-10,512,8,111104,00K,640,4,0,10,0,80,640,1280,8,64,640,3584
16x16x16w8-16-15,16,16,16,8,16,15,8-16-15,1024,16,106880,00K,960,14,0,15,0,120,1920,3840,8,128,1920,7808
16x16x16w16-8-12,16,16,16,16,8,12,16-8-12,1024,8,108032,00K,1536,8,0,12,0,192,768,1536,16,128,768,6656
16x16x16w13-16-13,16,16,16,13,16,13,13-16-13,1664,16,105328,M0K,1352,10,0,13,10,104,1664,3328,13,128,1664,9360
16x16x16w14-16-11,16,16,16,14,16,11,14-16-11,1792,16,105824,M0K,1232,6,0,11,12,88,1408,2816,14,128,1408,8864
16x16x16w15-8-15,16,16,16,15,8,15,15-8-15,960,8,107248,M0K,1800,14,0,15,14,120,960,1920,15,64,960,7440
16x16x16w16-16-13,16,16,16,16,16,13,16-16-13,2048,16,103936,00K,1664,10,0,13,0,208,1664,3328,16,256,1664,10752
16x16x16w9-8-10,16,16,16,9,8,10,9-8-10,576,8,110816,M0K,720,4,0,10,2,80,640,1280,9,64,640,3872
16x16x16w9-16-11,16,16,16,9,16,11,9-16-11,1152,16,107984,M0K,792,6,0,11,2,88,1408,2816,9,128,1408,6704
16x16x16w10-8-16,16,16,16,10,8,16,10-8-16,640,8,108800,M00,1280,0,0,16,4,128,1024,2048,10,64,1024,5888
16x16x16w11-8-13,16,16,16,11,8,13,11-8-13,704,8,109328,M0K,1144,10,0,13,6,104,832,1664,11,64,832,5360
16x16x16w10-16-8,16,16,16,10,16,8,10-16-8,1280,16,108800,M00,640,0,0,8,4,64,1024,2048,10,128,1024,5888
16x16x16w12-16-10,16,16,16,12,16,10,12-16-10,1536,16,107136,M0K,960,4,0,10,8,80,1280,2560,12,128,1280,7552
16x16x16w13-8-14,16,16,16,13,8,14,13-8-14,832,8,108320,M0K,1456,12,0,14,10,112,896,1792,13,64,896,6368
16x16x16w14-8-12,16,16,16,14,8,12,14-8-12,896,8,108672,M0K,1344,8,0,12,12,96,768,1536,14,64,768,6016
16x16x16w8-8-12,16,16,16,8,8,12,8-8-12,512,8,110592,00K,768,8,0,12,0,96,768,1536,8,64,768,4096
16x16x16w16-8-14,16,16,16,16,8,14,16-8-14,1024,8,107264,00K,1792,12,0,14,0,224,896,1792,16,128,896,7424
16x16x16w15-8-8,16,16,16,15,8,8,15-8-8,960,8,109824,M00,960,0,0,8,14,64,512,1024,15,64,512,4864
16x16x16w14-16-13,16,16,16,14,16,13,14-16-13,1792,16,104864,M0K,1456,10,0,13,12,104,1664,3328,14,128,1664,9824
16x16x16w16-16-15,16,16,16,16,16,15,16-16-15,2048,16,102912,00K,1920,14,0,15,0,240,1920,3840,16,256,1920,11776
16x16x16w9-8-12,16,16,16,9,8,12,9-8-12,576,8,110272,M0K,864,8,0,12,2,96,768,1536,9,64,768,4416
16x16x16w15-16-12,16,16,16,15,16,12,15-16-12,1920,16,104896,M0K,1440,8,0,12,14,96,1536,3072,15,128,1536,9792
16x16x16w11-8-15,16,16,16,11,8,15,11-8-15,704,8,108720,M0K,1320,14,0,15,6,120,960,1920,11,64,960,5968
16x16x16w10-16-10,16,16,16,10,16,10,10-16-10,1280,16,107968,M0K,800,4,0,10,4,80,1280,2560,10,128,1280,6720
16x16x16w12-16-12,16,16,16,12,16,12,12-16-12,1536,16,106240,M0K,1152,8,0,12,8,96,1536,3072,12,128,1536,8448
16x16x16w13-8-16,16,16,16,13,8,16,13-8-16,832,8,107648,M00,1664,0,0,16,10,128,1024,2048,13,64,1024,7040
16x16x16w8-16-10,16,16,16,8,16,10,8-16-10,1024,16,108800,00K,640,4,0,10,0,80,1280,2560,8,128,1280,5888
16x16x16w14-8-14,16,16,16,14,8,14,14-8-14,896,8,107968,M0K,1568,12,0,14,12,112,896,1792,14,64,896,6720
16x16x16w11-16-10,16,16,16,11,16,10,11-16-10,1408,16,107552,M0K,880,4,0,10,6,80,1280,2560,11,128,1280,7136
16x16x16w15-8-10,16,16,16,15,8,10,15-8-10,960,8,109088,M0K,1200,4,0,10,14,80,640,1280,15,64,640,5600
16x16x16w9-8-14,16,16,16,9,8,14,9-8-14,576,8,109728,M0K,1008,12,0,14,2,112,896,1792,9,64,896,4960
16x16x16w10-8-11,16,16,16,10,8,11,10-8-11,640,8,110240,M0K,880,6,0,11,4,88,704,1408,10,64,704,4448
16x16x16w11-8-8,16,16,16,11,8,8,11-8-8,704,8,110848,M00,704,0,0,8,6,64,512,1024,11,64,512,3840
16x16x16w12-8-13,16,16,16,12,8,13,12-8-13,768,8,108992,M0K,1248,10,0,13,8,104,832,1664,12,64,832,5696
16x16x16w15-16-14,16,16,16,15,16,14,15-16-14,1920,16,103904,M0K,1680,12,0,14,14,112,1792,3584,15,128,1792,10784
16x16x16w13-8-9,16,16,16,13,8,9,13-8-9,832,8,110000,M0K,936,2,0,9,10,72,576,1152,13,64,576,4688
16x16x16w10-16-12,16,16,16,10,16,12,10-16-12,1280,16,107136,M0K,960,8,0,12,4,96,1536,3072,10,128,1536,7552
16x16x16w12-16-14,16,16,16,12,16,14,12-16-14,1536,16,105344,M0K,1344,12,0,14,8,112,1792,3584,12,128,1792,9344
16x16x16w8-16-12,16,16,16,8,16,12,8-16-12,1024,16,108032,00K,768,8,0,12,0,96,1536,3072,8,128,1536,6656
16x16x16w16-8-9,16,16,16,16,8,9,16-8-9,1024,8,109184,00K,1152,2,0,9,0,144,576,1152,16,128,576,5504
16x16x16w14-8-16,16,16,16,14,8,16,14-8-16,896,8,107264,M00,1792,0,0,16,12,128,1024,2048,14,64,1024,7424
16x16x16w11-16-12,16,16,16,11,16,12,11-16-12,1408,16,106688,M0K,1056,8,0,12,6,96,1536,3072,11,128,1536,8000
16x16x16w15-8-12,16,16,16,15,8,12,15-8-12,960,8,108352,M0K,1440,8,0,12,14,96,768,1536,15,64,768,6336
16x16x16w9-8-16,16,16,16,9,8,16,9-8-16,576,8,109184,M00,1152,0,0,16,2,128,1024,2048,9,64,1024,5504
16x16x16w10-8-13,16,16,16,10,8,13,10-8-13,640,8,109664,M0K,1040,10,0,13,4,104,832,1664,10,64,832,5024
16x16x16w11-8-10,16,16,16,11,8,10,11-8-10,704,8,110240,M0K,880,4,0,10,6,80,640,1280,11,64,640,4448
16x16x16w12-8-15,16,16,16,12,8,15,12-8-15,768,8,108352,M0K,1440,14,0,15,8,120,960,1920,12,64,960,6336
16x16x16w15-16-16,16,16,16,15,16,16,15-16-16,1920,16,102912,M00,1920,0,0,16,14,128,2048,4096,15,128,2048,11776
16x16x16w13-8-11,16,16,16,13,8,11,13-8-11,832,8,109328,M0K,1144,6,0,11,10,88,704,1408,13,64,704,5360
16x16x16w10-16-14,16,16,16,10,16,14,10-16-14,1280,16,106304,M0K,1120,12,0,14,4,112,1792,3584,10,128,1792,8384
16x16x16w12-16-16,16,16,16,12,16,16,12-16-16,1536,16,104448,M00,1536,0,0,16,8,128,2048,4096,12,128,2048,10240
16x16x16w14-8-9,16,16,16,14,8,9,14-8-9,896,8,109728,M0K,1008,2,0,9,12,72,576,1152,14,64,576,4960
16x16x16w8-16-14,16,16,16,8,16,14,8-16-14,1024,16,107264,00K,896,12,0,14,0,112,1792,3584,8,128,1792,7424
16x16x16w16-8-11,16,16,16,16,8,11,16-8-11,1024,8,108416,00K,1408,6,0,11,0,176,704,1408,16,128,704,6272
16x16x16w11-16-14,16,16,16,11,16,14,11-16-14,1408,16,105824,M0K,1232,12,0,14,6,112,1792,3584,11,128,1792,8864
16x16x16w9-8-9,16,16,16,9,8,9,9-8-9,576,8,111088,M0K,648,2,0,9,2,72,576,1152,9,64,576,3600
16x16x16w13-16-15,16,16,16,13,16,15,13-16-15,1664,16,104400,M0K,1560,14,0,15,10,120,1920,3840,13,128,1920,10288
16x16x16w12-8-8,16,16,16,12,8,8,12-8-8,768,8,110592,M00,768,0,0,8,8,64,512,1024,12,64,512,4096
16x16x16w15-16-9,16,16,16,15,16,9,15-16-9,1920,16,106384,M0K,1080,2,0,9,14,72,1152,2304,15,128,1152,8304
16x16x16w10-8-15,16,16,16,10,8,15,10-8-15,640,8,109088,M0K,1200,14,0,15,4,120,960,1920,10,64,960,5600
16x16x16w9-16-13,16,16,16,9,16,13,9-16-13,1152,16,107184,M0K,936,10,0,13,2,104,1664,3328,9,128,1664,7504
16x16x16w12-16-9,16,16,16,12,16,9,12-16-9,1536,16,107584,M0K,864,2,0,9,8,72,1152,2304,12,128,1152,7104
16x16x16w13-8-13,16,16,16,13,8,13,13-8-13,832,8,108656,M0K,1352,10,0,13,10,104,832,1664,13,64,832,6032
16x16x16w14-8-11,16,16,16,14,8,11,14-8-11,896,8,109024,M0K,1232,6,0,11,12,88,704,1408,14,64,704,5664
16x16x16w16-8-13,16,16,16,16,8,13,16-8-13,1024,8,107648,00K,1664,10,0,13,0,208,832,1664,16,128,832,7040
16x16x16w11-16-16,16,16,16,11,16,16,11-16-16,1408,16,104960,M00,1408,0,0,16,6,128,2048,4096,11,128,2048,9728
16x16x16w13-16-8,16,16,16,13,16,8,13-16-8,1664,16,107648,M00,832,0,0,8,10,64,1024,2048,13,128,1024,7040
16x16x16w8-8-14,16,16,16,8,8,14,8-8-14,512,8,110080,00K,896,12,0,14,0,112,896,1792,8,64,896,4608
16x16x16w9-8-11,16,16,16,9,8,11,9-8-11,576,8,110544,M0K,792,6,0,11,2,88,704,1408,9,64,704,4144
16x16x16w14-16-15,16,16,16,14,16,15,14-16-15,1792,16,103904,M0K,1680,14,0,15,12,120,1920,3840,14,128,1920,10784
16x16x16w10-8-8,16,16,16,10,8,8,10-8-8,640,8,111104,M00,640,0,0,8,4,64,512,1024,10,64,512,3584
16x16x16w12-8-10,16,16,16,12,8,10,12-8-10,768,8,109952,M0K,960,4,0,10,8,80,640,1280,12,64,640,4736
16x16x16w15-16-11,16,16,16,15,16,11,15-16-11,1920,16,105392,M0K,1320,6,0,11,14,88,1408,2816,15,128,1408,9296
16x16x16w9-16-15,16,16,16,9,16,15,9-16-15,1152,16,106384,M0K,1080,14,0,15,2,120,1920,3840,9,128,1920,8304
16x16x16w13-8-15,16,16,16,13,8,15,13-8-15,832,8,107984,M0K,1560,14,0,15,10,120,960,1920,13,64,960,6704
16x16x16w8-16-9,16,16,16,8,16,9,8-16-9,1024,16,109184,00K,576,2,0,9,0,72,1152,2304,8,128,1152,5504
16x16x16w14-8-13,16,16,16,14,8,13,14-8-13,896,8,108320,M0K,1456,10,0,13,12,104,832,1664,14,64,832,6368
16x16x16w16-8-15,16,16,16,16,8,15,16-8-15,1024,8,106880,00K,1920,14,0,15,0,240,960,1920,16,128,960,7808
16x16x16w11-16-9,16,16,16,11,16,9,11-16-9,1408,16,107984,M0K,792,2,0,9,6,72,1152,2304,11,128,1152,6704
16x16x16w13-16-10,16,16,16,13,16,10,13-16-10,1664,16,106720,M0K,1040,4,0,10,10,80,1280,2560,13,128,1280,7968
16x16x16w9-8-13,16,16,16,9,8,13,9-8-13,576,8,110000,M0K,936,10,0,13,2,104,832,1664,9,64,832,4688
16x16x16w14-16-8,16,16,16,14,16,8,14-16-8,1792,16,107264,M00,896,0,0,8,12,64,1024,2048,14,128,1024,7424
16x16x16w16-16-10,16,16,16,16,16,10,16-16-10,2048,16,105472,00K,1280,4,0,10,0,160,1280,2560,16,256,1280,9216
16x16x16w10-8-10,16,16,16,10,8,10,10-8-10,640,8,110528,M0K,800,4,0,10,4,80,640,1280,10,64,640,4160
16x16x16w12-8-12,16,16,16,12,8,12,12-8-12,768,8,109312,M0K,1152,8,0,12,8,96,768,1536,12,64,768,5376
16x16x16w15-16-13,16,16,16,15,16,13,15-16-13,1920,16,104400,M0K,1560,10,0,13,14,104,1664,3328,15,128,1664,10288
16x16x16w9-16-8,16,16,16,9,16,8,9-16-8,1152,16,109184,M00,576,0,0,8,2,64,1024,2048,9,128,1024,5504
16x16x16w13-8-8,16,16,16,13,8,8,13-8-8,832,8,110336,M00,832,0,0,8,10,64,512,1024,13,64,512,4352
16x16x16w8-16-11,16,16,16,8,16,11,8-16-11,1024,16,108416,00K,704,6,0,11,0,88,1408,2816,8,128,1408,6272
16x16x16w11-16-11,16,16,16,11,16,11,11-16-11,1408,16,107120,M0K,968,6,0,11,6,88,1408,2816,11,128,1408,7568
16x16x16w8-8-9,16,16,16,8,8,9,8-8-9,512,8,111360,00K,576,2,0,9,0,72,576,1152,8,64,576,3328
16x16x16w13-16-12,16,16,16,13,16,12,13-16-12,1664,16,105792,M0K,1248,8,0,12,10,96,1536,3072,13,128,1536,8896
16x16x16w14-16-10,16,16,16,14,16,10,14-16-10,1792,16,106304,M0K,1120,4,0,10,12,80,1280,2560,14,128,1280,8384
16x16x16w15-8-14,16,16,16,15,8,14,15-8-14,960,8,107616,M0K,1680,12,0,14,14,112,896,1792,15,64,896,7072
16x16x16w16-16-12,16,16,16,16,16,12,16-16-12,2048,16,104448,00K,1536,8,0,12,0,192,1536,3072,16,256,1536,10240
16x16x16w10-8-12,16,16,16,10,8,12,10-8-12,640,8,109952,M0K,960,8,0,12,4,96,768,1536,10,64,768,4736
16x16x16w12-8-14,16,16,16,12,8,14,12-8-14,768,8,108672,M0K,1344,12,0,14,8,112,896,1792,12,64,896,6016
16x16x16w15-16-15,16,16,16,15,16,15,15-16-15,1920,16,103408,M0K,1800,14,0,15,14,120,1920,3840,15,128,1920,11280
16x16x16w9-16-10,16,16,16,9,16,10,9-16-10,1152,16,108384,M0K,720,4,0,10,2,80,1280,2560,9,128,1280,6304
16x16x16w11-8-12,16,16,16,11,8,12,11-8-12,704,8,109632,M0K,1056,8,0,12,6,96,768,1536,11,64,768,5056
16x16x16w14-8-8,16,16,16,14,8,8,14-8-8,896,8,110080,M00,896,0,0,8,12,64,512,1024,14,64,512,4608
16x16x16w8-16-13,16,16,16,8,16,13,8-16-13,1024,16,107648,00K,832,10,0,13,0,104,1664,3328,8,128,1664,7040
16x16x16w16-8-10,16,16,16,16,8,10,16-8-10,1024,8,108800,00K,1280,4,0,10,0,160,640,1280,16,128,640,5888
16x16x16w10-16-16,16,16,16,10,16,16,10-16-16,1280,16,105472,M00,1280,0,0,16,4,128,2048,4096,10,128,2048,9216
16x16x16w11-16-13,16,16,16,11,16,13,11-16-13,1408,16,106256,M0K,1144,10,0,13,6,104,1664,3328,11,128,1664,8432
16x16x16w8-8-11,16,16,16,8,8,11,8-8-11,512,8,110848,00K,704,6,0,11,0,88,704,1408,8,64,704,3840
16x16x16w13-16-14,16,16,16,13,16,14,13-16-14,1664,16,104864,M0K,1456,12,0,14,10,112,1792,3584,13,128,1792,9824
16x16x16w14-16-12,16,16,16,14,16,12,14-16-12,1792,16,105344,M0K,1344,8,0,12,12,96,1536,3072,14,128,1536,9344
16x16x16w15-8-16,16,16,16,15,8,16,15-8-16,960,8,106880,M00,1920,0,0,16,14,128,1024,2048,15,64,1024,7808
16x16x16w16-16-14,16,16,16,16,16,14,16-16-14,2048,16,103424,00K,1792,12,0,14,0,224,1792,3584,16,256,1792,11264
16x16x16w15-16-8,16,16,16,15,16,8,15-16-8,1920,16,106880,M00,960,0,0,8,14,64,1024,2048,15,128,1024,7808
16x16x16w10-8-14,16,16,16,10,8,14,10-8-14,640,8,109376,M0K,1120,12,0,14,4,112,896,1792,10,64,896,5312
16x16x16w12-8-16,16,16,16,12,8,16,12-8-16,768,8,108032,M00,1536,0,0,16,8,128,1024,2048,12,64,1024,6656
16x16x16w9-16-12,16,16,16,9,16,12,9-16-12,1152,16,107584,M0K,864,8,0,12,2,96,1536,3072,9,128,1536,7104
16x16x16w11-8-14,16,16,16,11,8,14,11-8-14,704,8,109024,M0K,1232,12,0,14,6,112,896,1792,11,64,896,5664
16x16x16w10-16-9,16,16,16,10,16,9,10-16-9,1280,16,108384,M0K,720,2,0,9,4,72,1152,2304,10,128,1152,6304
16x16x16w12-16-11,16,16,16,12,16,11,12-16-11,1536,16,106688,M0K,1056,6,0,11,8,88,1408,2816,12,128,1408,8000
16x16x16w11-16-15,16,16,16,11,16,15,11-16-15,1408,16,105392,M0K,1320,14,0,15,6,120,1920,3840,11,128,1920,9296
16x16x16w8-8-13,16,16,16,8,8,13,8-8-13,512,8,110336,00K,832,10,0,13,0,104,832,1664,8,64,832,4352
16x16x16w13-16-16,16,16,16,13,16,16,13-16-16,1664,16,103936,M00,1664,0,0,16,10,128,2048,4096,13,128,2048,10752
16x16x16w15-8-9,16,16,16,15,8,9,15-8-9,960,8,109456,M0K,1080,2,0,9,14,72,576,1152,15,64,576,5232
16x16x16w14-16-14,16,16,16,14,16,14,14-16-14,1792,16,104384,M0K,1568,12,0,14,12,112,1792,3584,14,128,1792,10304
16x16x16w12-8-9,16,16,16,12,8,9,12-8-9,768,8,110272,M0K,864,2,0,9,8,72,576,1152,12,64,576,4416
16x16x16w15-16-10,16,16,16,15,16,10,15-16-10,1920,16,105888,M0K,1200,4,0,10,14,80,1280,2560,15,128,1280,8800
16x16x16w9-16-14,16,16,16,9,16,14,9-16-14,1152,16,106784,M0K,1008,12,0,14,2,112,1792,3584,9,128,1792,7904
16x16x16w11-8-16,16,16,16,11,8,16,11-8-16,704,8,108416,M00,1408,0,0,16,6,128,1024,2048,11,64,1024,6272
